segment,customers,churned,churn_rate,avg_tenure,avg_monthly_charges,lost_monthly_revenue
Month-to-month,3875,1655,0.4270967741935484,18.036645161290323,66.39849032258037,120847.09999999998
One year,1473,166,0.11269517990495587,42.044806517311606,65.04860828241674,14118.45
Two year,1695,48,0.02831858407079646,56.73510324483776,60.770412979351,4165.299999999999
