segment,customers,churned,churn_rate,avg_tenure,avg_monthly_charges,lost_monthly_revenue
Fiber optic,3096,1297,0.4189276485788114,32.91795865633075,91.50012919896615,114300.04999999997
DSL,2421,459,0.1895910780669145,32.82156133828996,58.10216852540261,22529.20000000002
No,1526,113,0.07404980340760157,30.54718217562254,21.079193971166454,2301.6
