segment,customers,churned,churn_rate,avg_tenure,avg_monthly_charges,lost_monthly_revenue
$70-$94,2283,852,0.3731931668856767,30.43276390713973,82.38105562855884,69934.90000000002
$95+,1308,422,0.32262996941896027,47.78593272171254,103.81219418960227,43046.1
$35-$69,1721,407,0.23649041255084252,26.923881464264962,54.72234166182449,21726.80000000002
Under $35,1731,188,0.10860774119006354,28.695551704217216,21.997198151357612,4423.049999999999
