segment,customers,churned,churn_rate,avg_tenure,avg_monthly_charges,lost_monthly_revenue
Electronic check,2365,1071,0.4528541226215645,25.17463002114165,76.25581395348838,84288.75000000007
Mailed check,1612,308,0.19106699751861042,21.830024813895783,43.917059553349915,16803.600000000002
Bank transfer (automatic),1544,258,0.16709844559585493,43.65673575129534,67.1926489637305,20091.900000000012
Credit card (automatic),1522,232,0.15243101182654403,43.269382391590014,66.51238501971082,17946.600000000006
