segment,customers,churned,churn_rate,avg_tenure,avg_monthly_charges,lost_monthly_revenue
No,3264,1027,0.31464460784313725,23.003063725490197,46.92919730392158,68568.15000000001
Yes,3779,842,0.2228102672664726,40.462556231807355,80.1639851812647,70562.69999999997
