month,observed_customers,active_customers,active_share_of_total,churned_at_or_before
1,7032,5163,0.7330682947607554,380
3,6181,4815,0.683657532301576,597
6,5672,4547,0.6456055658100242,784
12,4974,4104,0.5827062331392873,1037
24,3927,3366,0.47792134033792416,1331
36,3051,2683,0.38094561976430497,1511
48,2303,2081,0.29547068010790856,1656
60,1483,1384,0.19650717023995457,1776
72,362,356,0.05054664205594207,1869
