segment,customers,churn_rate,avg_tenure,active_mrr,lost_mrr,avg_usage,onboarding_rate
Starter,557,0.2513464991023339,8.904847396768401,11809.73,4018.769999999999,3.0199281867145427,0.6122082585278277
Growth,468,0.1794871794871795,9.564102564102564,29411.67999999999,6541.470000000002,3.2771367521367507,0.6752136752136753
Business,261,0.08812260536398467,9.32183908045977,34424.44999999999,3395.3,3.8789272030651345,0.7509578544061303
Enterprise,114,0.03508771929824561,10.456140350877194,42409.29,1479.9599999999998,4.886842105263156,0.868421052631579
