segment,customers,churn_rate,avg_tenure,active_mrr,lost_mrr,avg_usage,onboarding_rate
MEA,80,0.2625,9.1375,6145.67,1030.8999999999999,3.089999999999999,0.675
North America,499,0.1963927855711423,9.350701402805612,41040.57000000003,6026.519999999999,3.462324649298596,0.6513026052104208
APAC,326,0.1687116564417178,9.35276073619632,26810.289999999986,2903.9399999999996,3.3503067484662576,0.6840490797546013
Europe,374,0.16844919786096257,9.318181818181818,32788.099999999984,4603.81,3.418181818181817,0.6951871657754011
LATAM,121,0.11570247933884298,9.338842975206612,11270.519999999997,870.3299999999999,3.6347107438016515,0.743801652892562
