segment,customers,churn_rate,avg_tenure,active_mrr,lost_mrr,avg_usage,onboarding_rate
Paid Search,323,0.19195046439628483,9.303405572755418,27961.919999999976,4114.659999999998,3.4034055727554184,0.6470588235294118
Organic,440,0.18863636363636363,9.26590909090909,38729.97999999998,5319.47,3.381590909090909,0.6727272727272727
Referral,263,0.17490494296577946,9.372623574144487,19619.230000000003,2466.2999999999997,3.407604562737642,0.7034220532319392
Content,132,0.17424242424242425,8.969696969696969,11755.61,1519.35,3.574242424242425,0.7121212121212122
Partner,242,0.15289256198347106,9.62809917355372,19988.41,2015.7199999999998,3.4301652892561996,0.6942148760330579
