segment,customers,churned,churn_rate,avg_tenure,avg_monthly_charges,lost_monthly_revenue
0-6 months,1481,784,0.5293720459149224,2.5104659014179607,54.738656313301725,49896.09999999998
7-12 months,705,253,0.3588652482269504,9.397163120567376,58.95290780141848,19058.149999999998
13-24 months,1024,294,0.287109375,18.3515625,61.35727539062508,23081.65
25-48 months,1594,325,0.2038895859473024,36.19134253450439,65.93055207026349,27462.50000000001
49+ months,2239,213,0.09513175524787852,63.048682447521216,73.94537740062529,19632.45
